Tedda,Thring,tthring0,tthring0@reference.com
Edd,Hobgen,ehobgen1,ehobgen1@facebook.com
Gwendolin,Iorillo,giorillo2,giorillo2@google.pl
Emmet,Walworche,ewalworche3,ewalworche3@washington.edu
Eleni,Mapam,emapam4,emapam4@merriam-webster.com
Alvera,Lundon,alundon5,alundon5@wufoo.com
Fairfax,Lamcken,flamcken6,flamcken6@ycombinator.com
Banky,Munson,bmunson7,bmunson7@tiny.cc
Morgun,Lardiner,mlardiner8,mlardiner8@bbb.org
Willem,Keeble,wkeeble9,wkeeble9@skype.com
Konrad,Luckings,kluckingsa,kluckingsa@godaddy.com
Nathanial,Henningham,nhenninghamb,nhenninghamb@theguardian.com
Chrissie,Eagleton,ceagletonc,ceagletonc@youtu.be
Trevor,Gorcke,tgorcked,tgorcked@msu.edu
Roman,De Normanville,rdenormanvillee,rdenormanvillee@comcast.net
Brynna,Pegden,bpegdenf,bpegdenf@wordpress.com
Janna,Arboine,jarboineg,jarboineg@mlb.com
John,Bourgourd,jbourgourdh,jbourgourdh@ucsd.edu
Karalynn,Reiglar,kreiglari,kreiglari@cbsnews.com
Chelsea,Jugging,cjuggingj,cjuggingj@taobao.com
Danella,Feek,dfeekk,dfeekk@ucla.edu
Codie,Menezes,cmenezesl,cmenezesl@edublogs.org
Munroe,Shubotham,mshubothamm,mshubothamm@house.gov
Philis,Santhouse,psanthousen,psanthousen@aol.com
Findley,Zannelli,fzannellio,fzannellio@dion.ne.jp
Stella,Gero,sgerop,sgerop@netvibes.com
Hilde,Whipp,hwhippq,hwhippq@tiny.cc
Reagan,Yglesia,ryglesiar,ryglesiar@cpanel.net
Sloane,Dasent,sdasents,sdasents@baidu.com
Helge,Hof,hhoft,hhoft@tamu.edu
Lynsey,Oland,lolandu,lolandu@buzzfeed.com
Lance,Dymond,ldymondv,ldymondv@ezinearticles.com
Zea,Cossington,zcossingtonw,zcossingtonw@alexa.com
Juliet,Fishburn,jfishburnx,jfishburnx@engadget.com
Berte,Marrill,bmarrilly,bmarrilly@simplemachines.org
Marga,Yude,myudez,myudez@theguardian.com
Margarete,McKennan,mmckennan10,mmckennan10@hexun.com
Georgie,Phelit,gphelit11,gphelit11@smugmug.com
Renae,Habishaw,rhabishaw12,rhabishaw12@scientificamerican.com
Elayne,Schottli,eschottli13,eschottli13@fastcompany.com
Ellynn,Dodamead,edodamead14,edodamead14@rakuten.co.jp
Grenville,Bucklan,gbucklan15,gbucklan15@joomla.org
Julieta,Maskill,jmaskill16,jmaskill16@spiegel.de
Yurik,Hockey,yhockey17,yhockey17@amazon.com
Dehlia,Faraker,dfaraker18,dfaraker18@w3.org
Ward,Dennant,wdennant19,wdennant19@artisteer.com
Keenan,Smout,ksmout1a,ksmout1a@sohu.com
Electra,Salters,esalters1b,esalters1b@freewebs.com
Ambrosi,Landsborough,alandsborough1c,alandsborough1c@cmu.edu
Storm,Tallach,stallach1d,stallach1d@youtube.com
Felicity,Phalip,fphalip1e,fphalip1e@oaic.gov.au
Brigid,Castanaga,bcastanaga1f,bcastanaga1f@cnet.com
Mariellen,Nurny,mnurny1g,mnurny1g@tmall.com
Rogerio,Strafford,rstrafford1h,rstrafford1h@cbc.ca
Marian,MacGowan,mmacgowan1i,mmacgowan1i@ezinearticles.com
Lynnette,Ryland,lryland1j,lryland1j@bloglovin.com
Corabella,Aronsohn,caronsohn1k,caronsohn1k@mysql.com
Royce,Nazareth,rnazareth1l,rnazareth1l@cafepress.com
Riannon,Hartill,rhartill1m,rhartill1m@instagram.com
Massimo,Angeau,mangeau1n,mangeau1n@ft.com
Colas,Jotcham,cjotcham1o,cjotcham1o@opera.com
Sauveur,Cowden,scowden1p,scowden1p@free.fr
Rozele,Ahrens,rahrens1q,rahrens1q@angelfire.com
Niels,Wehnerr,nwehnerr1r,nwehnerr1r@google.ru
Susann,Smallbone,ssmallbone1s,ssmallbone1s@rambler.ru
Katie,Glenwright,kglenwright1t,kglenwright1t@globo.com
Lawton,McCall,lmccall1u,lmccall1u@netlog.com
Erick,Robilart,erobilart1v,erobilart1v@amazon.com
Zola,Bramich,zbramich1w,zbramich1w@skype.com
Dasie,O'Nowlan,donowlan1x,donowlan1x@cmu.edu
Ivonne,Common,icommon1y,icommon1y@discuz.net
Des,Szymoni,dszymoni1z,dszymoni1z@wiley.com
Pablo,Floyde,pfloyde20,pfloyde20@blogtalkradio.com
Codee,Hanley,chanley21,chanley21@angelfire.com
Annemarie,Iohananof,aiohananof22,aiohananof22@ftc.gov
Danell,Clissold,dclissold23,dclissold23@wikispaces.com
Carlota,Tulip,ctulip24,ctulip24@amazon.co.jp
Cletis,Brothwell,cbrothwell25,cbrothwell25@loc.gov
Robbi,Catling,rcatling26,rcatling26@livejournal.com
Kessiah,Loggie,kloggie27,kloggie27@creativecommons.org
Cass,Thursby,cthursby28,cthursby28@slate.com
Jayne,Tibald,jtibald29,jtibald29@biblegateway.com
Willie,Doley,wdoley2a,wdoley2a@sina.com.cn
Angie,Velasquez,avelasquez2b,avelasquez2b@businesswire.com
Margit,Biggs,mbiggs2c,mbiggs2c@usda.gov
Allie,Refford,arefford2d,arefford2d@wix.com
Tyrus,Medlin,tmedlin2e,tmedlin2e@so-net.ne.jp
Neddy,Petters,npetters2f,npetters2f@blogger.com
Emilio,Runge,erunge2g,erunge2g@oaic.gov.au
Skip,Starie,sstarie2h,sstarie2h@cloudflare.com
Guendolen,Connikie,gconnikie2i,gconnikie2i@indiegogo.com
Berny,Pottinger,bpottinger2j,bpottinger2j@altervista.org
Aura,Bowskill,abowskill2k,abowskill2k@independent.co.uk
Tammara,Whardley,twhardley2l,twhardley2l@comsenz.com
Dru,Fazan,dfazan2m,dfazan2m@desdev.cn
Poul,Kapiloff,pkapiloff2n,pkapiloff2n@psu.edu
Midge,Auty,mauty2o,mauty2o@columbia.edu
Libby,Rowberry,lrowberry2p,lrowberry2p@seattletimes.com
Manon,Kubiczek,mkubiczek2q,mkubiczek2q@psu.edu
Percy,McGenis,pmcgenis2r,pmcgenis2r@gmpg.org
