Glynda,Neesham,gneesham0,gneesham0@xinhuanet.com
Christal,Fayerbrother,cfayerbrother1,cfayerbrother1@usnews.com
Lanni,Cuppitt,lcuppitt2,lcuppitt2@google.nl
Sebastien,Bonsul,sbonsul3,sbonsul3@nih.gov
Harper,Breewood,hbreewood4,hbreewood4@mit.edu
Welsh,Leppingwell,wleppingwell5,wleppingwell5@techcrunch.com
Anne,Agett,aagett6,aagett6@spotify.com
Harvey,Maharey,hmaharey7,hmaharey7@zdnet.com
Erinn,Stable,estable8,estable8@zdnet.com
Enid,Mighele,emighele9,emighele9@ucoz.ru
Bianka,De Pietri,bdepietria,bdepietria@rakuten.co.jp
Arden,Graalman,agraalmanb,agraalmanb@tumblr.com
Dante,Gisbye,dgisbyec,dgisbyec@dailymotion.com
Muffin,Foskett,mfoskettd,mfoskettd@bluehost.com
Dannie,Rackstraw,drackstrawe,drackstrawe@biglobe.ne.jp
Griswold,Karpinski,gkarpinskif,gkarpinskif@hexun.com
Orly,Stanley,ostanleyg,ostanleyg@dailymotion.com
Fredek,Zambon,fzambonh,fzambonh@last.fm
Darice,Campos,dcamposi,dcamposi@ameblo.jp
Jyoti,Stadden,jstaddenj,jstaddenj@alibaba.com
Sunshine,Gergely,sgergelyk,sgergelyk@tinyurl.com
Wenda,Lascell,wlascelll,wlascelll@globo.com
Christal,Menci,cmencim,cmencim@ucsd.edu
Bert,Mulleary,bmullearyn,bmullearyn@moonfruit.com
Marlee,Vautier,mvautiero,mvautiero@discovery.com
Dasha,Dhennin,ddhenninp,ddhenninp@skyrock.com
Claudianus,Haddinton,chaddintonq,chaddintonq@freewebs.com
Mauricio,Coope,mcooper,mcooper@amazon.co.jp
Fenelia,Navan,fnavans,fnavans@hexun.com
Dennie,Rattenberie,drattenberiet,drattenberiet@vistaprint.com
Lianna,McKinn,lmckinnu,lmckinnu@senate.gov
Scarlet,Fidgeon,sfidgeonv,sfidgeonv@cnn.com
Carena,Weddeburn,cweddeburnw,cweddeburnw@ihg.com
Orton,Tonge,otongex,otongex@bigcartel.com
Gary,Ghilardi,gghilardiy,gghilardiy@linkedin.com
Dallas,O'Suaird,dosuairdz,dosuairdz@studiopress.com
Gerti,Sneesbie,gsneesbie10,gsneesbie10@t-online.de
Cleo,Pinkard,cpinkard11,cpinkard11@flickr.com
Nahum,Kayzer,nkayzer12,nkayzer12@google.es
Ralina,Pollastrino,rpollastrino13,rpollastrino13@yandex.ru
Webb,Eamer,weamer14,weamer14@people.com.cn
Brody,Mapston,bmapston15,bmapston15@clickbank.net
Tuckie,Gregol,tgregol16,tgregol16@tuttocitta.it
Candice,Wolver,cwolver17,cwolver17@patch.com
Jaymee,Oppy,joppy18,joppy18@nature.com
Berta,Sancroft,bsancroft19,bsancroft19@usgs.gov
Jarrid,Jatczak,jjatczak1a,jjatczak1a@newyorker.com
Melvyn,Goatman,mgoatman1b,mgoatman1b@unicef.org
Madlin,Braycotton,mbraycotton1c,mbraycotton1c@blogspot.com
Lusa,Pluvier,lpluvier1d,lpluvier1d@msu.edu
Filippo,Reschke,freschke1e,freschke1e@google.com.hk
Noak,Faint,nfaint1f,nfaint1f@paginegialle.it
Beryle,Barge,bbarge1g,bbarge1g@blinklist.com
Yank,Bottleson,ybottleson1h,ybottleson1h@netlog.com
Elka,Sirett,esirett1i,esirett1i@thetimes.co.uk
Jocelyn,Lamont,jlamont1j,jlamont1j@mlb.com
Keenan,Alloway,kalloway1k,kalloway1k@netvibes.com
Wilow,Hamor,whamor1l,whamor1l@kickstarter.com
Simone,de Marco,sdemarco1m,sdemarco1m@mysql.com
Niels,Btham,nbtham1n,nbtham1n@sun.com
Perla,Standall,pstandall1o,pstandall1o@mapy.cz
Gale,Di Meo,gdimeo1p,gdimeo1p@is.gd
Bertha,Leggate,bleggate1q,bleggate1q@hibu.com
Skip,Mullender,smullender1r,smullender1r@nifty.com
Christabel,Warwicker,cwarwicker1s,cwarwicker1s@i2i.jp
Herschel,Sevier,hsevier1t,hsevier1t@themeforest.net
Ado,Dancer,adancer1u,adancer1u@theguardian.com
Ofilia,Lunny,olunny1v,olunny1v@purevolume.com
Michaella,Osgardby,mosgardby1w,mosgardby1w@mlb.com
Alexandr,Millhill,amillhill1x,amillhill1x@twitpic.com
Say,Brearley,sbrearley1y,sbrearley1y@weather.com
Fancie,Stavers,fstavers1z,fstavers1z@unblog.fr
Reynard,Spottswood,rspottswood20,rspottswood20@census.gov
Terri,Ferenc,tferenc21,tferenc21@apache.org
Juieta,Sacher,jsacher22,jsacher22@scribd.com
Hilton,Argrave,hargrave23,hargrave23@php.net
Antonin,Barcke,abarcke24,abarcke24@devhub.com
Margeaux,Doswell,mdoswell25,mdoswell25@diigo.com
Gertrud,Royden,groyden26,groyden26@tmall.com
Crystie,Meriton,cmeriton27,cmeriton27@naver.com
Jobyna,Priddie,jpriddie28,jpriddie28@tumblr.com
Edmund,Buchett,ebuchett29,ebuchett29@ucoz.com
Catherina,Blanckley,cblanckley2a,cblanckley2a@furl.net
Katrinka,Moden,kmoden2b,kmoden2b@bluehost.com
Sheelagh,Nannoni,snannoni2c,snannoni2c@prlog.org
Jonathan,Spittles,jspittles2d,jspittles2d@livejournal.com
Conrade,Tydeman,ctydeman2e,ctydeman2e@accuweather.com
Philippine,Banghe,pbanghe2f,pbanghe2f@pagesperso-orange.fr
Waverley,Buckston,wbuckston2g,wbuckston2g@nih.gov
Devy,Megainey,dmegainey2h,dmegainey2h@bbc.co.uk
Henrietta,Karlolczak,hkarlolczak2i,hkarlolczak2i@blinklist.com
Myranda,Glasscock,mglasscock2j,mglasscock2j@dropbox.com
Reina,Pether,rpether2k,rpether2k@pen.io
Jock,Blanchet,jblanchet2l,jblanchet2l@unc.edu
Ricki,Coulthurst,rcoulthurst2m,rcoulthurst2m@columbia.edu
Jimmie,Hawkwood,jhawkwood2n,jhawkwood2n@dion.ne.jp
Bertrand,Beretta,bberetta2o,bberetta2o@seesaa.net
Shanta,Paschek,spaschek2p,spaschek2p@github.com
Pierette,Johansen,pjohansen2q,pjohansen2q@weebly.com
Bjorn,Ledbury,bledbury2r,bledbury2r@cpanel.net
